{"mtx": [[4122.52734375, 0.0, 1798.7845458984375], [0.0, 4138.078125, 1088.487548828125], [0.0, 0.0, 1.0]], "dist": [[-0.352451354265213, 0.17472326755523682, 0.0013259561965242028, 0.0016852716216817498, -0.21691828966140747]], "tvecs": [[8188.82996485619], [-2326.7979316226265], [19164.29723115436]], "rvecs": [[1.8216625295229787], [-0.7356817951569045], [0.4464388204414017]]}