{"mtx": [[4122.527127391716, 0.0, 1798.784558632988], [0.0, 4138.077911175961, 1088.4874884767714], [0.0, 0.0, 1.0]], "dist": [[-0.3524513628386166, 0.17472326930269547, 0.00132595617934357, 0.001685271613738549, -0.21691828536098667]], "tvecs": [[22000.0], [10200.0], [-6350.0]], "rvecs": [[0.0], [0.0], [0.0]]}