{"mtx": [[5642.249031782587, 0.0, 1958.7497946794892], [0.0, 5638.344911263074, 1210.884511829058], [0.0, 0.0, 1.0]], "dist": [[-0.3252198459536926, -0.21456686921383447, -0.005975583063683671, 0.0041370086680996235, 1.3953913263208015]], "tvecs": [[-0.0], [-17860.0], [-6200.0]], "rvecs": [[0.0], [0.0], [0.0]]}