{"mtx": [[5597.95947265625, 0.0, 1896.5889892578125], [0.0, 5602.5712890625, 1177.208251953125], [0.0, 0.0, 1.0]], "dist": [[-0.3574993312358856, 0.6305569410324097, -0.0026180928107351065, 0.00773076806217432, -3.525132894515991]], "tvecs": [[-550.0962862229649], [526.0856363895663], [55185.015622859806]], "rvecs": [[-0.011204893057214291], [2.5696509650073582], [-1.7807884903057298]]}